1663076603,Bình,0987654321,Huế
1663077523,Hà Nguyễn,0987654321,Huế
1663077949,Anh Hà,0987654321,Huế
1663078251,Nguyễn Hà,0987654321,1662741075
1663078299,Nguyễn Hà,0987654321,Huế
1663078340,Hà Nguyễn,0987654321,Hế
1663078554,Hà,0987654321,Huế
1663083617,Trần Hải Bình,0969455420,Quảng Trị
1663083772,Bình Và Sự Cô Đơn,0969455420,Huế
1663083967,Hải Bình,0987654321,Trần Quang Khải
1663117652,Lộc Em,0796785558,Huế
1663117705,Lộc,0987665432,Huế
1663143724,Phan Văn Tài,0987654321,Hà Tĩnh
1663143799,Anh Hà Hay Ho,0969696969,Quảng Bình
1663144074,Hiếu Hài Hước,0987654123,Tứ Hạ
1663144297,Lộc Láo Lườm,0987651234,Hoa Sơn
1663144624,Tùng Sơn,0999988888,Kinh Thành Huế
1663149278,Tài Hay Chửi,0987654321,Hà Tĩnh
1663149356,Trúc Gai Lọ,0987654321,An Truyền
1663149890,Lượng Thái Tử,0987654321,Huế
